area,radius,circularity,intensity_mean,x,y
593.0,13.73891416768399,0.9354079663047538,407.06070826306916,2600.2006745362564,244.63406408094434
6214.0,44.474460454805694,0.6257304988949324,478.6961699388478,2131.0061152236885,359.6881235918893
218.0,8.33015937350939,0.8986290768252774,1163.7706422018348,1970.2568807339449,340.0366972477064
111.0,5.944106103225343,1.0397292385665533,808.0,2010.5225225225224,347.3063063063063
238.0,8.703892974511014,0.972505755980066,1121.4453781512605,2002.7478991596638,363.2731092436975
138.0,6.627726932618989,1.0331064952009075,671.0217391304348,1967.9130434782608,367.1014492753623
