area,radius,circularity,intensity_mean,x,y
89.0,5.322553886092406,1.0288383660277522,480.02247191011236,856.2696629213483,3615.696629213483
159.0,7.1141599576634995,0.9774092190344071,458.8805031446541,897.4528301886793,3646.9245283018868
