area,radius,circularity,intensity_mean,x,y
33.0,3.2410224072142872,1.0472242640569591,1308.2121212121212,1024.6363636363635,3632.090909090909
18.0,2.393653682408596,1.2127771900184563,761.4444444444445,858.1111111111111,3675.0555555555557
