area,radius,circularity,intensity_mean,x,y
117.0,6.102643417692329,1.0106149388227328,614.6581196581196,2689.3162393162393,160.45299145299145
70.0,4.720348719413148,1.0658583117993148,458.9428571428571,2699.2,172.82857142857142
157.0,7.069275219628611,0.9755574997124788,835.5732484076433,2682.5095541401274,177.86624203821657
123.0,6.257165172872317,0.905579564697293,772.1138211382114,2542.39837398374,702.869918699187
