area,radius,circularity,intensity_mean,x,y
24.0,2.763953195770684,1.269341157978135,502.2916666666667,1212.0833333333333,3741.083333333333
120.0,6.180387232371033,0.9405190605411965,440.975,1303.1166666666666,3867.758333333333
