area,radius,circularity,intensity_mean,x,y
32.0,3.1915382432114616,1.105630018541109,992.96875,324.78125,2838.0625
18.0,2.393653682408596,1.2570482174865227,1015.2777777777778,344.6111111111111,2847.777777777778
76.0,4.918490759365935,0.9244299293826808,915.3026315789474,331.0263157894737,2853.8684210526317
27.0,2.9316150714175193,0.839259522582393,990.3703703703703,335.85185185185185,2862.814814814815
38.0,3.477898169151024,1.1379144005111443,956.7631578947369,350.7631578947368,2863.2368421052633
47.0,3.8678889139475245,0.7916739990398254,801.3829787234042,355.2340425531915,2900.9361702127662
