area,radius,circularity,intensity_mean,x,y
18.0,2.393653682408596,1.2127771900184563,710.2222222222222,472.3888888888889,3331.333333333333
30.0,3.0901936161855166,1.2092175857965604,795.5666666666667,696.7333333333333,3574.2
18.0,2.393653682408596,1.2127771900184563,778.6666666666666,715.3333333333334,3577.333333333333
23.0,2.7057581899030048,1.1790403893488048,821.9130434782609,700.4347826086956,3581.086956521739
15.0,2.1850968611841584,1.446802115179039,802.1333333333333,713.6,3592.4
33.0,3.2410224072142872,1.0221456203227512,766.1515151515151,742.0,3608.3939393939395
38.0,3.477898169151024,1.137914400511144,797.4736842105264,757.5263157894736,3637.6315789473683
37.0,3.431831258788849,1.1079692847082196,743.6486486486486,785.7567567567568,3639.540540540541
23.0,2.7057581899030048,1.27247615308253,776.0434782608696,800.695652173913,3655.782608695652
