area,radius,circularity,intensity_mean,x,y
262.0,9.13220620552083,0.8986987167072799,471.1106870229008,514.206106870229,3251.553435114504
