area,radius,circularity,intensity_mean,x,y
168.0,7.312732791431452,0.9710384578239462,615.6964285714286,494.6666666666667,3277.2738095238096
