area,radius,circularity,intensity_mean,x,y
11420.0,60.29178136544723,0.8566133208481963,423.5676007005254,1582.044483362522,353.380122591944
332.0,10.280023453913834,0.9840486289741103,846.8584337349398,1861.2921686746988,587.4216867469879
387.0,11.098915530497878,0.9551418642958974,1079.5529715762275,1931.0594315245478,1013.1136950904393
202.0,8.018640596081465,0.9903522505093063,1906.6831683168316,2025.7227722772277,1100.039603960396
