area,radius,circularity,intensity_mean,x,y
47.0,3.8678889139475245,1.034023182419364,471.7659574468085,120.53191489361703,2195.0425531914893
30.0,3.0901936161855166,1.2092175857965604,448.96666666666664,126.06666666666666,2223.9333333333334
