area,radius,circularity,intensity_mean,x,y
17.0,2.326213245840639,1.370446597236102,533.5294117647059,254.35294117647058,2912.0
23.0,2.7057581899030048,1.27247615308253,532.5652173913044,259.7826086956522,2922.695652173913
15.0,2.1850968611841584,1.387197796891351,504.4,297.53333333333336,2965.133333333333
