area,radius,circularity,intensity_mean,x,y
149.0,6.886811529393324,0.9653156637048581,501.758389261745,2610.2147651006712,3392.9463087248323
