area,radius,circularity,intensity_mean,x,y
173.0,7.420755373261929,0.9999384119258492,2663.35838150289,1535.4104046242774,1789.3121387283236
97.0,5.556622981616415,0.9967273059145267,1142.8247422680413,1265.8453608247423,1807.4742268041236
221.0,8.387281135541944,0.9509227754949258,4010.597285067873,1539.1221719457012,1833.6877828054298
127.0,6.358093703724522,0.9785391854525273,832.5196850393701,1238.755905511811,1876.8582677165355
107.0,5.836022431559495,0.9410945396339657,1313.607476635514,1206.6168224299065,1900.8411214953271
135.0,6.555290583552474,0.9709839679958466,1590.9925925925927,1170.6962962962964,1909.2444444444445
65.0,4.54864184146723,1.006658565469376,681.3538461538461,1324.6,1923.6307692307691
79.0,5.014626706796775,1.0514062881915835,815.0253164556962,1303.26582278481,1930.8227848101264
199.0,7.958873497585845,0.966358965484181,1270.4522613065326,1366.8693467336684,1950.281407035176
