area,radius,circularity,intensity_mean,x,y
302.0,9.804569629897316,0.9601278987744714,573.8079470198676,2453.953642384106,3147.3079470198672
104.0,5.753627391751592,1.0337341843865528,588.1442307692307,2009.3653846153845,3553.9134615384614
305.0,9.853147481188747,0.9274708173082818,1138.8622950819672,2006.5081967213114,3567.259016393443
203.0,8.03846421247924,0.9952549844227186,666.4876847290641,2069.1477832512314,3570.310344827586
152.0,6.955796338302048,1.006816931237201,692.6973684210526,2042.1184210526317,3576.25
77.0,4.950743503369154,1.0823628677628103,560.9480519480519,1977.6623376623377,3582.896103896104
56.0,4.222008245644752,1.0490961686437292,412.2857142857143,1976.3214285714287,3592.410714285714
96.0,5.527906391541368,1.0002844114037333,508.6145833333333,1988.53125,3599.09375
130.0,6.432750982580687,1.044048833143833,401.9384615384615,1972.246153846154,3602.230769230769
