area,radius,circularity,intensity_mean,x,y
6498.0,45.47941996576333,0.750063210816544,414.2446906740536,2400.6446598953526,1461.1224992305324
