area,radius,circularity,intensity_mean,x,y
77.0,4.950743503369154,0.9569162736033229,810.5194805194806,2042.2467532467533,729.2467532467532
92.0,5.4115163798060095,1.0635183109500363,926.3478260869565,2093.1847826086955,743.5978260869565
34.0,3.2897623212397704,1.1057596701548214,861.2647058823529,2057.5588235294117,744.9411764705883
83.0,5.140011726956917,0.9945031273093146,1435.2530120481927,2039.2048192771085,747.7951807228916
48.0,3.9088200952233594,1.133223860012313,1621.2916666666667,2082.875,756.6458333333334
76.0,4.918490759365935,1.093256023224953,1895.3157894736842,2107.5789473684213,760.6447368421052
23.0,2.7057581899030048,1.2164519430623795,1090.608695652174,2142.391304347826,786.4347826086956
