area,radius,circularity,intensity_mean,x,y
81.0,5.077706251929807,0.936358512901662,553.6666666666666,3181.0123456790125,2487.9876543209875
