area,radius,circularity,intensity_mean,x,y
9005.0,53.538589121166005,0.5622656032523677,440.3438089950028,1307.3098278734037,2491.5823431426984
170.0,7.356132180109627,1.018467058087852,846.7411764705882,1055.8176470588237,2463.105882352941
8701.0,52.62712532226288,0.7740251870074223,590.2527295713137,1357.591656131479,2584.896793472015
966.0,17.535317221354788,0.9621153916375269,2292.758799171843,1108.7474120082816,2621.5652173913045
1192.0,19.47884453275087,0.7929917571888001,1994.7407718120805,1156.3255033557048,2667.6476510067114
1754.0,23.628701622526126,0.8529528316992352,1876.4401368301026,1128.8152793614595,2690.8939566704676
1042.0,18.212053739309848,0.9185249858142684,1612.774472168906,1186.9980806142034,2808.296545105566
