area,radius,circularity,intensity_mean,x,y
19731.0,79.25006223525868,0.6941597870650701,419.0731843292281,1138.6050884395115,2325.897217576403
