area,radius,circularity,intensity_mean,x,y
54.0,4.145929793656026,0.8936351957684218,458.98148148148147,878.7037037037037,3594.925925925926
