area,radius,circularity,intensity_mean,x,y
77.0,4.950743503369154,1.0650072150799437,541.0519480519481,2971.6363636363635,3501.7012987012986
