area,radius,circularity,intensity_mean,x,y
296.0,9.706684619910241,0.977130518103808,1031.429054054054,1925.3445945945946,593.8074324324324
170.0,7.356132180109627,0.9350209628260205,402.68823529411765,1996.3882352941177,605.9
113.0,5.997417539138688,1.0389058338568558,576.2389380530974,1970.6725663716813,605.1858407079646
1618.0,22.694170966249754,0.922406693664608,537.5228677379481,1763.6100123609394,856.1007416563659
