area,radius,circularity,intensity_mean,x,y
315.0,10.013371767186818,0.8454208356967431,543.8349206349206,2338.784126984127,590.2984126984127
267.0,9.218933756735217,0.8813981362625566,566.5992509363296,2355.9176029962546,630.8764044943821
155.0,7.024103669400641,0.9779982109763025,768.4387096774194,2248.858064516129,757.6451612903226
