area,radius,circularity,intensity_mean,x,y
417.0,11.521077316754745,0.9830036468850619,878.8321342925659,2784.952038369305,1285.2446043165469
187.0,7.715176518808164,0.9937772903722268,960.5294117647059,2650.2139037433153,1360.572192513369
302.0,9.804569629897316,0.9282313966930537,3074.480132450331,2635.592715231788,1394.5927152317881
354.0,10.61516366850092,0.771363469043552,698.638418079096,2557.0197740112994,1431.734463276836
