area,radius,circularity,intensity_mean,x,y
383.0,11.041407809169618,0.9582593499926929,1115.480417754569,2332.4308093994778,2663.8903394255876
550.0,13.231418571003069,0.8742886495462903,1276.4109090909092,1912.6709090909092,2705.3818181818183
341.0,10.418429401242426,0.9349886646020857,652.2434017595308,1938.5718475073313,2720.231671554252
362.0,10.734438914006276,0.9235174279373102,1029.1740331491712,1902.2127071823204,2723.6574585635362
337.0,10.357143990692485,0.9739284532341361,756.8367952522256,1984.6557863501484,2722.1038575667653
335.0,10.32636489145962,0.9681484624137555,600.289552238806,1882.4119402985075,2758.1910447761193
209.0,8.156394191823509,0.9788441930649083,833.8995215311005,2326.0478468899523,2768.8995215311006
306.0,9.869286963719311,0.9653788792217697,987.3594771241831,2322.5555555555557,2823.356209150327
