area,radius,circularity,intensity_mean,x,y
362.0,10.734438914006276,0.9687151943763149,424.5193370165746,3340.39226519337,2170.0635359116022
1306.0,20.38903409571014,0.9109271541481851,420.9050535987749,3312.7656967840735,2196.784073506891
926.0,17.1684290081006,0.9072090104803626,483.5021598272138,3347.003239740821,2198.609071274298
52.0,4.068428945128219,0.6664141331101942,448.8269230769231,2631.903846153846,2436.576923076923
92.0,5.4115163798060095,0.7174584311950493,405.9130434782609,2700.5,2440.358695652174
50.0,3.989422804014327,0.6776609775588548,443.92,3088.8,2464.46
