area,radius,circularity,intensity_mean,x,y
33.0,3.2410224072142872,1.2460870868673313,512.4242424242424,2321.4242424242425,1581.5757575757575
941.0,17.30692355385402,0.947068204746693,1207.3995749202975,2411.683315621679,2029.8809776833157
206.0,8.097643889049511,1.0099631861629559,824.1213592233009,2452.519417475728,2041.6796116504854
130.0,6.432750982580687,1.0016542843214846,463.2692307692308,2381.046153846154,2082.915384615385
503.0,12.653452997124806,0.983116414197061,2548.7296222664017,2341.864811133201,2094.8787276341945
416.0,11.507254783503184,0.9561611214257788,1343.2788461538462,2383.8990384615386,2122.358173076923
