area,radius,circularity,intensity_mean,x,y
50.0,3.989422804014327,0.6338182072940323,432.42,2266.5,1132.08
