area,radius,circularity,intensity_mean,x,y
531.0,13.000867261978827,0.9415593117594109,1307.6403013182673,709.6572504708098,2265.5819209039546
324.0,10.155412503859614,0.950294068216694,1962.820987654321,710.1604938271605,2330.9104938271603
512.0,12.766152972845846,0.9206366511368025,2189.73046875,718.267578125,2352.56640625
255.0,9.009385160867895,0.8777768907149536,1767.5098039215686,723.8274509803921,2375.7333333333336
