area,radius,circularity,intensity_mean,x,y
1377.0,20.935919212565754,0.903806400562104,2469.949891067538,1574.021060275962,2837.1169208424108
1709.0,23.323627408447816,0.8904894717264648,3276.846108835576,1550.5313048566413,2873.7758923346987
628.0,14.138550439257221,0.846248972590656,2124.4713375796177,1557.6671974522292,2924.5971337579617
715.0,15.086138293858053,0.767109802981888,2321.104895104895,1546.7146853146853,2945.4335664335663
955.0,17.435192608787553,0.885788195391194,4195.415706806282,1523.552879581152,2957.3078534031415
1510.0,21.923684182580352,0.942607023109889,2636.751655629139,1525.7377483443709,3003.5562913907283
