area,radius,circularity,intensity_mean,x,y
631.0,14.172280627406865,0.9282117963379485,10238.042789223455,2566.3486529318543,1041.8954041204438
507.0,12.70366530947592,0.832198226275516,3527.475345167653,2514.61932938856,1076.3905325443789
1724.0,23.42576026046658,0.9302081834141417,3737.5835266821346,2488.6421113689094,1093.6357308584688
