area,radius,circularity,intensity_mean,x,y
1232.0,19.802974013476614,0.8531325795770681,3755.375811688312,1924.963474025974,2109.882305194805
1924.0,24.747287144606645,0.8997678546253105,3331.605509355509,1907.1465696465696,2142.8030145530147
307.0,9.885400096021595,0.8357622780618317,4554.843648208469,2065.830618892508,2134.9934853420195
1112.0,18.81384047546846,0.9391128179104452,5143.186151079137,1824.9874100719423,2184.625
614.0,13.980066885278035,0.9265449137860309,1993.5358306188925,1771.9104234527688,2201.7622149837134
39.0,3.523362819972964,1.1038279369855124,401.2564102564103,2056.923076923077,2651.6153846153848
28.0,2.985410660720923,1.02971197692007,645.7142857142857,2089.0,2666.9285714285716
