area,radius,circularity,intensity_mean,x,y
25.0,2.8209479177387813,1.1907938922533645,788.84,1675.56,1336.88
114.0,6.023896332520351,1.0026614721333842,643.5877192982456,2801.9122807017543,1347.2368421052631
198.0,7.938851142601841,1.0273342881566885,834.7525252525253,2643.3434343434346,1526.0555555555557
95.0,5.499039842323396,1.0601908685338755,477.2736842105263,2631.0947368421052,1546.0736842105264
