area,radius,circularity,intensity_mean,x,y
760.0,15.553633450087505,0.9060337800330287,2341.0855263157896,2434.2184210526316,758.1078947368421
1130.0,18.965499502720288,0.8562898793330833,1160.5513274336283,2572.4300884955755,810.6203539823009
1704.0,23.28948359361322,0.879618767039444,1512.0557511737088,2555.544600938967,871.6015258215963
