area,radius,circularity,intensity_mean,x,y
713.0,15.065024024177417,0.8270611326606313,575.5862552594671,1440.5890603085554,947.2636746143057
925.0,17.159156293944243,0.8829193447499571,893.5297297297298,1465.7102702702703,971.9945945945946
4201.0,36.5680165152296,0.9123198710054898,1475.164722685075,1503.4682218519401,1003.828612235182
3529.0,33.51590053008567,0.9012533647199714,1238.5684329838482,1542.8934542363277,1063.4868234627374
