area,radius,circularity,intensity_mean,x,y
235.0,8.6488625410045,0.980859703273495,2122.4085106382977,2202.7063829787235,2408.8212765957446
555.0,13.291425312283248,0.8989097203963025,2806.944144144144,2164.661261261261,2440.7297297297296
486.0,12.437789380968077,0.9698260161063527,559.5123456790124,2259.2551440329216,2478.6646090534978
488.0,12.463355264843006,0.9480524236578884,1111.4098360655737,2194.7909836065573,2509.2233606557375
302.0,9.804569629897316,0.9527595474672367,797.2218543046357,2195.592715231788,2544.0033112582782
